LayerName,Severity,VulnerabilityCVE,Description,FixVersion
"StackSet-cfScheduling-0d7a0-scheduledStopInstances-APOZ4ENFLAM4:$LATEST":,High,CVE-2019-14859,"HTML,fixed in version 0.13.3
"cfWorkSpaceCostOptimiserTes-SolutionHelperFunction-nLXnm6aBg2m2:$LATEST":,High,CVE-2018-18074,Cleaner,fixed in version 2.20.0
"testCoopMikey:$LATEST":,High,CVE-2021-33503,allows,fixed in version 1.26.5
"amplify-login-verify-auth-challenge-c47456bb:$LATEST":,High,CVE-2020-28472,crafted,fixed in version 2.814.0
"cfWorkSpaceCostOptimiserT-CostOptimizerCreateTaskF-9z2JxvLHunqQ:$LATEST":,High,CVE-2020-28472,and,fixed in version 2.814.0
"amplify-login-verify-auth-challenge-97d9f130:$LATEST":,High,CVE-2021-33503,SVG,fixed in version 1.26.5
"testCoop:$LATEST":,High,CVE-2020-28472,embedded,fixed in version 2.814.0
"demoBackEnd:$LATEST":,High,CVE-2020-28472,scripts,fixed in version 2.814.0
"neptune_test:$LATEST":,High,CVE-2021-33503,to,fixed in version 1.26.5
"SendInterests:$LATEST":,High,CVE-2021-33503,pass,fixed in version 1.26.5
"amplify-login-verify-auth-challenge-a51ad6fb:$LATEST":,High,CVE-2021-33503,through",fixed in version 1.26.5
"neo4j_test:$LATEST":,High,CVE-2020-28472,"HTML,fixed in version 2.814.0
"StackSet-cfScheduling-0d7a-scheduledStartInstances-CK8FP1CGEI5V:$LATEST":,High,CVE-2021-33503,Cleaner,fixed in version 1.26.5
"demoBackEnd:1":,High,CVE-2018-18074,allows,fixed in version 2.20.0
"cfMickSamTestNewApp-HelloWorldFunction-lcdcyWB5jUbw:$LATEST":,High,CVE-2021-33503,crafted,fixed in version 1.26.5
"deeplens_admin_model_downloader:$LATEST":,High,CVE-2022-24758,and,fixed in version 6.4.10
"deeplens_admin_model_downloader:1":,High,CVE-2019-11324,SVG,fixed in version 1.24.2
"deeplens_admin_model_downloader:2":,High,CVE-2019-11324,embedded,fixed in version 1.24.2
"deeplens_admin_model_downloader:3":,High,CVE-2019-11324,scripts,fixed in version 1.24.2
