FunctionName,ArtifactName,Current-Version,Severity,VulnerabilityCVE,Description,FixVersion
"StackSet-cfScheduling-0d7a0-scheduledStopInstances-APOZ4ENFLAM4:$LATEST":,"requests",current version: "2.9.1",High,CVE-2019-14859,"Improper,fixed in version 0.13.3
"cfWorkSpaceCostOptimiserTes-SolutionHelperFunction-nLXnm6aBg2m2:$LATEST":,"urllib3",current version: "1.25.11",High,CVE-2018-18074,Verification,fixed in version 2.20.0
"testCoopMikey:$LATEST":,"urllib3",current version: "1.25.11",High,CVE-2021-33503,of,fixed in version 1.26.5
"amplify-login-verify-auth-challenge-c47456bb:$LATEST":,"urllib3",current version: "1.24.2",High,CVE-2020-28472,Cryptographic,fixed in version 2.814.0
"cfWorkSpaceCostOptimiserT-CostOptimizerCreateTaskF-9z2JxvLHunqQ:$LATEST":,"numpy",current version: "1.15.4",High,CVE-2020-28472,Signature,fixed in version 2.814.0
"amplify-login-verify-auth-challenge-97d9f130:$LATEST":,"urllib3",current version: "1.26.4",High,CVE-2021-33503,in,fixed in version 1.26.5
"testCoop:$LATEST":,"numpy",current version: "1.15.4",High,CVE-2020-28472,Pure-Python,fixed in version 2.814.0
"demoBackEnd:$LATEST":,"urllib3",current version: "1.24.2",High,CVE-2020-28472,ECDSA",fixed in version 2.814.0
"neptune_test:$LATEST":,"urllib3",current version: "1.26.4",High,CVE-2021-33503,"Moderate,fixed in version 1.26.5
"SendInterests:$LATEST":,"requests",current version: "2.9.1",High,CVE-2021-33503,severity,fixed in version 1.26.5
"amplify-login-verify-auth-challenge-a51ad6fb:$LATEST":,"urllib3",current version: "1.24.2",High,CVE-2021-33503,vulnerability,fixed in version 1.26.5
"neo4j_test:$LATEST":,"notebook",current version: "6.4.5",High,CVE-2020-28472,that,fixed in version 2.814.0
"StackSet-cfScheduling-0d7a-scheduledStartInstances-CK8FP1CGEI5V:$LATEST":,"urllib3",current version: "1.23",High,CVE-2021-33503,affects,fixed in version 1.26.5
"demoBackEnd:1":,"urllib3",current version: "1.23",High,CVE-2018-18074,requests",fixed in version 2.20.0
"cfMickSamTestNewApp-HelloWorldFunction-lcdcyWB5jUbw:$LATEST":,"urllib3",current version: "1.23",High,CVE-2021-33503,"Catastrophic,fixed in version 1.26.5
"deeplens_admin_model_downloader:$LATEST":,"urllib3",current version: "1.23",High,CVE-2022-24758,backtracking,fixed in version 6.4.10
"deeplens_admin_model_downloader:1":,,current version: ,High,CVE-2019-11324,in,fixed in version 1.24.2
"deeplens_admin_model_downloader:2":,,current version: ,High,CVE-2019-11324,URL,fixed in version 1.24.2
"deeplens_admin_model_downloader:3":,,current version: ,High,CVE-2019-11324,authority,fixed in version 1.24.2
